{
    "mlp": {
        "mse": 31206.72179032583,
        "rmse": 176.65424362388194,
        "mae": 135.90021045705214,
        "r2": 0.7762118012345833,
        "mape": 3.9962677086733893,
        "accuracy": 96.00373229132661
    },
    "lstm": {
        "mse": 28140.51477348135,
        "rmse": 167.7513480526501,
        "mae": 120.25632023938837,
        "r2": 0.798200043061196,
        "mape": 3.4725074136755913,
        "accuracy": 96.52749258632441
    },
    "cnn": {
        "mse": 96278.5962518511,
        "rmse": 310.2879247599737,
        "mae": 247.94688831676137,
        "r2": 0.309571387227739,
        "mape": 7.257081472943813,
        "accuracy": 92.74291852705619
    }
}