epoch,loss,lr,mae,val_loss,val_mae
0,0.3819422721862793,0.001,0.2311321347951889,0.2731703817844391,0.13069377839565277
1,0.23133353888988495,0.001,0.11917819082736969,0.20077192783355713,0.1147688627243042
2,0.17018502950668335,0.001,0.097864530980587,0.15921756625175476,0.11104394495487213
3,0.13405552506446838,0.001,0.08997838199138641,0.1370050609111786,0.1342220902442932
4,0.11050841957330704,0.001,0.08807962387800217,0.12551310658454895,0.14682325720787048
