epoch,loss,lr,mae,val_loss,val_mae
0,1.4281492233276367,0.001,0.35244956612586975,1.359789252281189,0.4702513813972473
1,0.9721823930740356,0.001,0.13564631342887878,0.8150827288627625,0.08708009868860245
2,0.7058542966842651,0.001,0.11024323105812073,0.5965705513954163,0.1292041540145874
3,0.5043448209762573,0.001,0.10396283864974976,0.43979689478874207,0.16312605142593384
4,0.3591010570526123,0.001,0.09524969756603241,0.31840837001800537,0.15678872168064117
